"","Time","Lon","Lat","Alt","Ele"
"1","2015-02-22 17:04:39",-73.2595748,-44.2015987,NA,0.662
"2","2015-02-22 17:04:40",-73.2595659,-44.201605,0.238095238095238,0.686
"3","2015-02-22 17:04:40",-73.25956,-44.2016089,0.238095238095238,0.735
"4","2015-02-22 17:04:41",-73.2595506,-44.2016147,0.238095238095238,0.739
"5","2015-02-22 17:04:41",-73.2595445,-44.2016185,0.238095238095238,0.72
"6","2015-02-22 17:04:42",-73.2595358,-44.2016246,0.285714285714286,0.7
"7","2015-02-22 17:04:43",-73.2595274,-44.2016308,0.238095238095238,0.75
"8","2015-02-22 17:04:43",-73.2595216,-44.2016348,0.428571428571429,0.776
"9","2015-02-22 17:04:44",-73.2595126,-44.2016405,0.80952380952381,1.064
"10","2015-02-22 17:04:44",-73.2595051,-44.2016449,1.14285714285714,1.509
"11","2015-02-22 17:04:45",-73.2594876,-44.2016573,1.38095238095238,2.31
"12","2015-02-22 17:04:45",-73.2594731,-44.201668,2.19047619047619,2.693
"13","2015-02-22 17:04:46",-73.259452,-44.2016811,2.42857142857143,3.155
"14","2015-02-22 17:04:46",-73.2594397,-44.2016872,3,3.582
"15","2015-02-22 17:04:47",-73.2594248,-44.2016933,3.28571428571429,4.065
"16","2015-02-22 17:04:47",-73.2594119,-44.2016996,3.85714285714286,4.508
"17","2015-02-22 17:04:48",-73.2594035,-44.2017059,4.42857142857143,4.904
"18","2015-02-22 17:04:48",-73.2593896,-44.2017169,4.76190476190476,5.501
"19","2015-02-22 17:04:49",-73.2593786,-44.2017255,5.38095238095238,6.081
"20","2015-02-22 17:04:49",-73.2593578,-44.2017384,5.71428571428571,6.851
"21","2015-02-22 17:04:50",-73.2593419,-44.2017469,6.47619047619048,7.399
"22","2015-02-22 17:04:50",-73.2593181,-44.2017595,7.33333333333333,8.244
"23","2015-02-22 17:04:51",-73.2592958,-44.2017719,7.71428571428571,9.085
"24","2015-02-22 17:04:51",-73.2592821,-44.2017798,8.57142857142857,9.682
"25","2015-02-22 17:04:52",-73.2592628,-44.2017911,9.38095238095238,10.38
"26","2015-02-22 17:04:52",-73.25925,-44.2017997,9.52380952380952,10.931
"27","2015-02-22 17:04:53",-73.2592309,-44.2018131,10.4285714285714,11.717
"28","2015-02-22 17:04:53",-73.2592102,-44.2018264,10.7142857142857,12.453
"29","2015-02-22 17:04:54",-73.2591959,-44.2018355,11.3333333333333,12.966
"30","2015-02-22 17:04:54",-73.2591746,-44.2018499,12.3809523809524,13.963
"31","2015-02-22 17:04:55",-73.2591601,-44.2018594,12.8095238095238,14.528
"32","2015-02-22 17:04:55",-73.2591382,-44.2018737,13.5714285714286,15.375
"33","2015-02-22 17:04:56",-73.2591225,-44.2018828,14,15.912
"34","2015-02-22 17:04:56",-73.2590982,-44.2018965,14.8571428571429,16.887
"35","2015-02-22 17:04:57",-73.2590738,-44.2019096,15.8095238095238,17.935
"36","2015-02-22 17:04:57",-73.2590587,-44.2019186,16.3809523809524,18.608
"37","2015-02-22 17:04:58",-73.2590382,-44.2019332,17.5714285714286,19.627
"38","2015-02-22 17:04:58",-73.2590248,-44.2019431,18.4761904761905,20.121
"39","2015-02-22 17:04:59",-73.2590043,-44.201959,18.952380952381,21.033
"40","2015-02-22 17:05:00",-73.2589815,-44.2019747,19.8571428571429,21.944
"41","2015-02-22 17:05:00",-73.2589654,-44.2019852,20.3809523809524,22.599
"42","2015-02-22 17:05:01",-73.2589408,-44.2020002,21.3333333333333,23.658
"43","2015-02-22 17:05:01",-73.258925,-44.2020096,22.3809523809524,24.318
"44","2015-02-22 17:05:02",-73.2589028,-44.2020236,22.952380952381,25.273
"45","2015-02-22 17:05:02",-73.2588825,-44.2020377,23.952380952381,26.168
"46","2015-02-22 17:05:03",-73.25887,-44.2020476,24.952380952381,26.742
"47","2015-02-22 17:05:03",-73.2588515,-44.202063,25.3809523809524,27.513
"48","2015-02-22 17:05:04",-73.2588386,-44.202074,26.1428571428571,28.044
"49","2015-02-22 17:05:04",-73.2588164,-44.2020911,26.6190476190476,29.003
"50","2015-02-22 17:05:05",-73.2587999,-44.2021025,27.5238095238095,29.772
"51","2015-02-22 17:05:05",-73.2587736,-44.2021188,28.5714285714286,30.95
"52","2015-02-22 17:05:06",-73.2587472,-44.2021334,29.1904761904762,31.986
"53","2015-02-22 17:05:06",-73.2587304,-44.2021424,30.2857142857143,32.682
"54","2015-02-22 17:05:07",-73.2587078,-44.2021549,31,33.782
"55","2015-02-22 17:05:07",-73.2586939,-44.2021633,32.0476190476191,34.491
"56","2015-02-22 17:05:08",-73.2586741,-44.2021763,33,35.391
"57","2015-02-22 17:05:08",-73.2586604,-44.2021858,33.4285714285714,35.993
"58","2015-02-22 17:05:09",-73.2586381,-44.2022018,34.5238095238095,37.005
"59","2015-02-22 17:05:09",-73.2586212,-44.2022133,34.9523809523809,37.696
"60","2015-02-22 17:05:10",-73.2585925,-44.2022309,35.9047619047619,38.728
"61","2015-02-22 17:05:10",-73.258562,-44.2022475,36.9523809523809,39.754
"62","2015-02-22 17:05:11",-73.258542,-44.202258,37.5238095238095,40.473
"63","2015-02-22 17:05:11",-73.2585141,-44.2022723,38.7619047619048,41.576
"64","2015-02-22 17:05:12",-73.2584972,-44.2022811,39.4285714285714,42.34
"65","2015-02-22 17:05:12",-73.2584741,-44.2022939,40.5238095238095,43.359
"66","2015-02-22 17:05:13",-73.2584527,-44.2023066,41.5238095238095,44.271
"67","2015-02-22 17:05:13",-73.2584386,-44.2023153,42,44.837
"68","2015-02-22 17:05:14",-73.258416,-44.2023291,42.7619047619048,45.685
"69","2015-02-22 17:05:14",-73.2583996,-44.2023388,43.5238095238095,46.254
"70","2015-02-22 17:05:15",-73.2583732,-44.2023531,43.9523809523809,47.055
"71","2015-02-22 17:05:16",-73.2583545,-44.2023624,44.7142857142857,47.658
"72","2015-02-22 17:05:16",-73.2583265,-44.2023749,45.3333333333333,48.625
"73","2015-02-22 17:05:17",-73.2582995,-44.2023864,46.4285714285714,49.539
"74","2015-02-22 17:05:17",-73.2582827,-44.2023937,47.2857142857143,50.125
"75","2015-02-22 17:05:18",-73.258259,-44.2024045,47.9523809523809,51.023
"76","2015-02-22 17:05:18",-73.2582435,-44.2024118,48.7142857142857,51.59
"77","2015-02-22 17:05:19",-73.2582196,-44.202423,49.1904761904762,52.418
"78","2015-02-22 17:05:19",-73.2581938,-44.2024347,50.0476190476191,53.271
"79","2015-02-22 17:05:20",-73.2581756,-44.2024429,50.8095238095238,53.864
"80","2015-02-22 17:05:20",-73.2581475,-44.2024548,51.0952380952381,54.517
"81","2015-02-22 17:05:21",-73.2581287,-44.2024622,51.7142857142857,54.677
"82","2015-02-22 17:05:21",-73.2581012,-44.2024727,51.9047619047619,54.875
"83","2015-02-22 17:05:22",-73.2580753,-44.2024822,51.8571428571429,55.071
"84","2015-02-22 17:05:22",-73.258059,-44.2024876,52.1904761904762,55.072
"85","2015-02-22 17:05:23",-73.2580363,-44.2024953,52.1904761904762,55.109
"86","2015-02-22 17:05:23",-73.2580222,-44.2025005,52.3333333333333,55.15
"87","2015-02-22 17:05:24",-73.2580029,-44.2025091,52.3333333333333,55.127
"88","2015-02-22 17:05:24",-73.2579856,-44.2025161,52.3333333333333,55.132
"89","2015-02-22 17:05:25",-73.2579748,-44.2025282,52.3333333333333,55.09
"90","2015-02-22 17:05:25",-73.2579635,-44.202537,52.1904761904762,55.033
"91","2015-02-22 17:05:26",-73.2579467,-44.2025514,52.2380952380952,54.958
"92","2015-02-22 17:05:26",-73.2579296,-44.2025657,52.1904761904762,54.923
"93","2015-02-22 17:05:27",-73.2579181,-44.202575,52.1904761904762,54.876
"94","2015-02-22 17:05:27",-73.2579017,-44.2025883,52.1428571428571,54.863
"95","2015-02-22 17:05:28",-73.2578915,-44.2025967,52.1904761904762,54.866
"96","2015-02-22 17:05:28",-73.257878,-44.202609,52.2380952380952,54.857
"97","2015-02-22 17:05:29",-73.2578669,-44.2026219,52.3333333333333,54.893
"98","2015-02-22 17:05:29",-73.2578607,-44.2026306,52.3333333333333,54.861
"99","2015-02-22 17:05:30",-73.2578518,-44.2026439,52.7619047619048,55.063
"100","2015-02-22 17:05:30",-73.2578455,-44.2026522,52.8095238095238,55.328
"101","2015-02-22 17:05:31",-73.2578344,-44.2026629,53.0952380952381,55.609
"102","2015-02-22 17:05:31",-73.2578261,-44.2026694,53.3809523809524,56.057
"103","2015-02-22 17:05:32",-73.2578135,-44.2026775,53.5714285714286,56.441
"104","2015-02-22 17:05:33",-73.2578028,-44.202685,53.8571428571429,56.586
"105","2015-02-22 17:05:33",-73.2577975,-44.2026905,54.0476190476191,56.66
"106","2015-02-22 17:05:34",-73.2577916,-44.2027001,54.0476190476191,56.714
"107","2015-02-22 17:05:34",-73.2577884,-44.2027076,54.0476190476191,56.764
"108","2015-02-22 17:05:35",-73.2577831,-44.2027202,54,56.802
"109","2015-02-22 17:05:35",-73.2577787,-44.2027292,54.0476190476191,56.801
"110","2015-02-22 17:05:36",-73.25777,-44.2027428,54.0476190476191,56.774
"111","2015-02-22 17:05:36",-73.2577596,-44.2027555,54.1428571428571,56.706
"112","2015-02-22 17:05:37",-73.2577525,-44.2027632,54.0476190476191,56.673
"113","2015-02-22 17:05:37",-73.2577421,-44.2027725,53.8571428571429,56.658
"114","2015-02-22 17:05:38",-73.2577362,-44.2027773,53.8571428571429,56.648
"115","2015-02-22 17:05:38",-73.2577294,-44.2027829,53.7142857142857,56.665
"116","2015-02-22 17:05:39",-73.2577267,-44.2027864,53.7142857142857,56.722
"117","2015-02-22 17:05:39",-73.2577244,-44.2027916,53.8571428571429,56.756
"118","2015-02-22 17:05:40",-73.2577235,-44.2027975,53.8571428571429,56.783
"119","2015-02-22 17:05:40",-73.2577231,-44.2028016,53.8095238095238,56.793
"120","2015-02-22 17:05:41",-73.2577209,-44.2028077,54,56.836
"121","2015-02-22 17:05:41",-73.257717,-44.2028115,54,56.852
"122","2015-02-22 17:05:42",-73.2577066,-44.2028163,54.1428571428571,56.856
"123","2015-02-22 17:05:42",-73.2576975,-44.2028186,54,56.823
"124","2015-02-22 17:05:43",-73.2576835,-44.2028203,54,56.676
"125","2015-02-22 17:05:43",-73.2576728,-44.2028198,53.7619047619048,56.637
"126","2015-02-22 17:05:44",-73.2576682,-44.2028184,53.7142857142857,56.597
"127","2015-02-22 17:05:44",-73.2576632,-44.2028155,53.7619047619048,56.555
"128","2015-02-22 17:05:45",-73.2576595,-44.2028137,53.5714285714286,56.528
"129","2015-02-22 17:05:45",-73.2576525,-44.2028124,53.7142857142857,56.512
"130","2015-02-22 17:05:46",-73.2576469,-44.2028122,53.7619047619048,56.501
"131","2015-02-22 17:05:46",-73.2576375,-44.2028123,53.7142857142857,56.442
"132","2015-02-22 17:05:47",-73.2576273,-44.2028126,53.7619047619048,56.378
"133","2015-02-22 17:05:47",-73.2576204,-44.2028126,53.7142857142857,56.295
"134","2015-02-22 17:05:48",-73.2576109,-44.2028117,53.6190476190476,56.257
"135","2015-02-22 17:05:48",-73.2576052,-44.2028103,53.5714285714286,56.23
"136","2015-02-22 17:05:49",-73.2575969,-44.2028078,53.6666666666667,56.204
"137","2015-02-22 17:05:50",-73.2575904,-44.2028064,53.6666666666667,56.208
"138","2015-02-22 17:05:50",-73.2575785,-44.2028063,53.7142857142857,56.227
"139","2015-02-22 17:05:51",-73.257564,-44.2028085,53.5714285714286,56.201
"140","2015-02-22 17:05:51",-73.2575537,-44.20281,53.3809523809524,56.153
"141","2015-02-22 17:05:52",-73.2575382,-44.2028124,53.4761904761905,56.193
"142","2015-02-22 17:05:52",-73.2575278,-44.2028133,53.5714285714286,56.197
"143","2015-02-22 17:05:53",-73.2575127,-44.2028143,53.4285714285714,56.248
"144","2015-02-22 17:05:53",-73.2575031,-44.202815,53.5238095238095,56.305
"145","2015-02-22 17:05:54",-73.2574889,-44.2028161,53.5714285714286,56.372
"146","2015-02-22 17:05:54",-73.2574796,-44.2028174,53.7142857142857,56.391
"147","2015-02-22 17:05:55",-73.2574648,-44.2028201,53.7142857142857,56.461
"148","2015-02-22 17:05:55",-73.257449,-44.2028229,53.3809523809524,56.498
"149","2015-02-22 17:05:56",-73.2574381,-44.2028247,53.7142857142857,56.551
"150","2015-02-22 17:05:56",-73.2574218,-44.2028268,53.6666666666667,56.579
"151","2015-02-22 17:05:57",-73.2574114,-44.2028282,53.7142857142857,56.657
"152","2015-02-22 17:05:57",-73.2573962,-44.2028299,53.7142857142857,56.67
"153","2015-02-22 17:05:58",-73.2573817,-44.2028323,53.7619047619048,56.739
"154","2015-02-22 17:05:58",-73.2573722,-44.2028343,53.8571428571429,56.8
"155","2015-02-22 17:05:59",-73.257358,-44.2028375,53.8571428571429,56.86
"156","2015-02-22 17:05:59",-73.2573485,-44.2028398,53.5714285714286,56.89
"157","2015-02-22 17:06:00",-73.2573347,-44.202843,53.6666666666667,56.872
"158","2015-02-22 17:06:00",-73.2573212,-44.2028458,53.3809523809524,56.693
"159","2015-02-22 17:06:01",-73.2573124,-44.2028474,53.1428571428571,56.518
"160","2015-02-22 17:06:01",-73.2572992,-44.2028494,52.9523809523809,56.262
"161","2015-02-22 17:06:02",-73.2572908,-44.2028506,52.6190476190476,55.967
"162","2015-02-22 17:06:02",-73.2572789,-44.2028526,52.6190476190476,55.646
"163","2015-02-22 17:06:03",-73.2572711,-44.2028537,52.1904761904762,55.424
"164","2015-02-22 17:06:03",-73.2572598,-44.2028555,51.7142857142857,55.038
"165","2015-02-22 17:06:04",-73.2572523,-44.2028564,51.6666666666667,54.779
"166","2015-02-22 17:06:04",-73.2572413,-44.202858,51.2857142857143,54.626
"167","2015-02-22 17:06:05",-73.2572307,-44.2028597,51.2857142857143,54.588
"168","2015-02-22 17:06:05",-73.2572237,-44.2028608,50.9047619047619,54.5
"169","2015-02-22 17:06:06",-73.2572138,-44.2028623,50.4761904761905,54.347
"170","2015-02-22 17:06:06",-73.2572073,-44.2028633,50.7142857142857,54.182
"171","2015-02-22 17:06:07",-73.2571978,-44.2028641,50,53.907
"172","2015-02-22 17:06:07",-73.2571918,-44.2028648,50.1904761904762,53.729
"173","2015-02-22 17:06:08",-73.2571829,-44.2028657,49.6190476190476,53.46
"174","2015-02-22 17:06:09",-73.2571741,-44.2028663,49.5714285714286,53.198
"175","2015-02-22 17:06:09",-73.2571683,-44.2028668,49.5714285714286,53.183
"176","2015-02-22 17:06:10",-73.2571598,-44.2028675,49.3809523809524,53.17
"177","2015-02-22 17:06:10",-73.2571543,-44.2028679,49.3809523809524,53.147
"178","2015-02-22 17:06:11",-73.2571465,-44.2028686,49.5238095238095,53.121
"179","2015-02-22 17:06:11",-73.2571411,-44.2028692,49.4761904761905,53.086
"180","2015-02-22 17:06:12",-73.2571314,-44.2028709,49.6190476190476,53.033
"181","2015-02-22 17:06:12",-73.2571197,-44.2028737,49.5714285714286,52.976
"182","2015-02-22 17:06:13",-73.2571108,-44.202876,49.4285714285714,52.881
"183","2015-02-22 17:06:13",-73.2570966,-44.2028794,49.4285714285714,52.802
"184","2015-02-22 17:06:14",-73.257087,-44.2028814,49.2857142857143,52.764
"185","2015-02-22 17:06:14",-73.257073,-44.2028838,49.2857142857143,52.731
"186","2015-02-22 17:06:15",-73.2570639,-44.2028851,49.2857142857143,52.703
"187","2015-02-22 17:06:15",-73.2570508,-44.2028868,49.1904761904762,52.63
"188","2015-02-22 17:06:16",-73.2570426,-44.2028878,49.1428571428571,52.604
"189","2015-02-22 17:06:16",-73.2570307,-44.2028896,49.2380952380952,52.605
"190","2015-02-22 17:06:17",-73.2570189,-44.2028917,49.2857142857143,52.604
"191","2015-02-22 17:06:17",-73.2570109,-44.2028935,49.2857142857143,52.621
"192","2015-02-22 17:06:18",-73.2569976,-44.2028968,49.4285714285714,52.633
"193","2015-02-22 17:06:18",-73.256988,-44.2028994,49.1428571428571,52.598
"194","2015-02-22 17:06:19",-73.256973,-44.2029038,49.1428571428571,52.626
"195","2015-02-22 17:06:19",-73.2569581,-44.2029082,49.1904761904762,52.682
"196","2015-02-22 17:06:20",-73.2569483,-44.2029106,49.2857142857143,52.741
"197","2015-02-22 17:06:20",-73.2569334,-44.2029133,49.2857142857143,52.732
"198","2015-02-22 17:06:21",-73.2569233,-44.2029149,49.1904761904762,52.692
"199","2015-02-22 17:06:21",-73.2569071,-44.2029177,49.2857142857143,52.621
"200","2015-02-22 17:06:22",-73.2568905,-44.2029208,49.2380952380952,52.562
"201","2015-02-22 17:06:22",-73.2568795,-44.2029232,49.2857142857143,52.587
"202","2015-02-22 17:06:23",-73.2568626,-44.2029266,49.2857142857143,52.579
"203","2015-02-22 17:06:23",-73.2568512,-44.2029289,49.2380952380952,52.569
"204","2015-02-22 17:06:24",-73.2568328,-44.2029338,49.3333333333333,52.618
"205","2015-02-22 17:06:25",-73.2568108,-44.2029383,49.1428571428571,52.62
"206","2015-02-22 17:06:25",-73.2567949,-44.2029467,49,52.674
"207","2015-02-22 17:06:26",-73.2567724,-44.2029566,49.1428571428571,52.802
"208","2015-02-22 17:06:26",-73.2567592,-44.2029633,49.4285714285714,52.877
"209","2015-02-22 17:06:27",-73.2567422,-44.2029735,49.4285714285714,52.921
"210","2015-02-22 17:06:27",-73.2567316,-44.2029799,49.5714285714286,52.915
"211","2015-02-22 17:06:28",-73.2567153,-44.2029887,49.4761904761905,52.843
"212","2015-02-22 17:06:28",-73.2566979,-44.2029946,49.4285714285714,52.758
"213","2015-02-22 17:06:29",-73.2566859,-44.203004,49.2857142857143,52.735
"214","2015-02-22 17:06:29",-73.2566679,-44.2030142,49.2857142857143,52.698
"215","2015-02-22 17:06:30",-73.2566562,-44.2030211,49.3333333333333,52.705
"216","2015-02-22 17:06:30",-73.2566387,-44.203031,49.3333333333333,52.677
"217","2015-02-22 17:06:31",-73.2566273,-44.2030373,49.2857142857143,52.656
"218","2015-02-22 17:06:31",-73.2566105,-44.2030468,49.3809523809524,52.598
"219","2015-02-22 17:06:32",-73.2565996,-44.2030529,49.2380952380952,52.532
"220","2015-02-22 17:06:32",-73.2565842,-44.203062,49.4285714285714,52.483
"221","2015-02-22 17:06:33",-73.2565696,-44.2030711,49.4285714285714,52.423
"222","2015-02-22 17:06:33",-73.25656,-44.2030773,49.3809523809524,52.324
"223","2015-02-22 17:06:34",-73.2565458,-44.2030872,49.2857142857143,52.326
"224","2015-02-22 17:06:34",-73.2565361,-44.2030938,49.2857142857143,52.29
"225","2015-02-22 17:06:35",-73.2565215,-44.2031038,49.2857142857143,52.224
"226","2015-02-22 17:06:35",-73.2565067,-44.2031141,49.1428571428571,52.219
"227","2015-02-22 17:06:36",-73.2564965,-44.2031206,49.2857142857143,52.224
"228","2015-02-22 17:06:36",-73.2564808,-44.2031296,49.1428571428571,52.258
"229","2015-02-22 17:06:37",-73.2564702,-44.2031352,49.2857142857143,52.295
"230","2015-02-22 17:06:37",-73.2564545,-44.203143,49.3333333333333,52.349
"231","2015-02-22 17:06:38",-73.2564443,-44.2031482,49.3809523809524,52.409
"232","2015-02-22 17:06:38",-73.2564304,-44.2031569,49.5714285714286,52.663
"233","2015-02-22 17:06:39",-73.2564217,-44.203163,49.4285714285714,52.717
"234","2015-02-22 17:06:39",-73.2564085,-44.2031733,49.4285714285714,52.691
"235","2015-02-22 17:06:40",-73.2563951,-44.2031842,49.3809523809524,52.615
"236","2015-02-22 17:06:40",-73.2563861,-44.2031918,49.2857142857143,52.628
"237","2015-02-22 17:06:41",-73.2563721,-44.2032025,49.2857142857143,52.61
"238","2015-02-22 17:06:41",-73.2563624,-44.2032093,49.2857142857143,52.672
"239","2015-02-22 17:06:42",-73.2563474,-44.2032182,49.1904761904762,52.72
"240","2015-02-22 17:06:43",-73.2563332,-44.2032266,49.1904761904762,52.93
"241","2015-02-22 17:06:43",-73.2563239,-44.2032319,49.2857142857143,53.023
"242","2015-02-22 17:06:44",-73.2563108,-44.2032395,49.2857142857143,53.043
"243","2015-02-22 17:06:44",-73.2563025,-44.2032444,49.4285714285714,53.042
"244","2015-02-22 17:06:45",-73.2562903,-44.2032516,49.4285714285714,53.004
"245","2015-02-22 17:06:45",-73.2562823,-44.2032565,49.4285714285714,53.033
"246","2015-02-22 17:06:46",-73.2562696,-44.2032642,49.4285714285714,53.016
"247","2015-02-22 17:06:46",-73.2562551,-44.2032726,49.2857142857143,52.968
"248","2015-02-22 17:06:47",-73.2562444,-44.2032789,49.1428571428571,52.964
"249","2015-02-22 17:06:47",-73.2562274,-44.2032885,49.1428571428571,52.99
"250","2015-02-22 17:06:48",-73.2562157,-44.2032947,49.1904761904762,53.017
"251","2015-02-22 17:06:48",-73.2561982,-44.2033031,49.1428571428571,53.029
"252","2015-02-22 17:06:49",-73.2561865,-44.2033082,49.1428571428571,53.082
"253","2015-02-22 17:06:49",-73.2561685,-44.203315,49.2857142857143,53.086
"254","2015-02-22 17:06:50",-73.2561497,-44.2033221,49.1904761904762,53.082
"255","2015-02-22 17:06:50",-73.2561365,-44.2033274,49.3809523809524,53.067
"256","2015-02-22 17:06:51",-73.2561158,-44.2033364,49.2857142857143,53.073
"257","2015-02-22 17:06:51",-73.2561013,-44.2033429,49,53.071
"258","2015-02-22 17:06:52",-73.2560791,-44.2033524,49.2380952380952,53.071
"259","2015-02-22 17:06:52",-73.2560565,-44.2033618,49.2857142857143,53.147
"260","2015-02-22 17:06:53",-73.2560412,-44.2033676,49.3809523809524,53.168
"261","2015-02-22 17:06:53",-73.2560185,-44.2033763,49.4285714285714,53.228
"262","2015-02-22 17:06:54",-73.2560038,-44.2033823,49.4285714285714,53.244
"263","2015-02-22 17:06:54",-73.2559828,-44.2033923,49.4285714285714,53.256
"264","2015-02-22 17:06:55",-73.2559625,-44.2034035,49.2857142857143,53.29
"265","2015-02-22 17:06:55",-73.255949,-44.2034114,49.4285714285714,53.307
"266","2015-02-22 17:06:56",-73.255928,-44.2034233,49.4761904761905,53.279
"267","2015-02-22 17:06:56",-73.2559134,-44.2034309,49.4285714285714,53.266
"268","2015-02-22 17:06:57",-73.2558912,-44.2034422,49.3333333333333,53.336
"269","2015-02-22 17:06:58",-73.2558763,-44.2034493,49.4285714285714,53.348
"270","2015-02-22 17:06:58",-73.2558549,-44.2034603,49.4285714285714,53.347
"271","2015-02-22 17:06:59",-73.2558414,-44.2034682,49.4285714285714,53.331
"272","2015-02-22 17:06:59",-73.2558223,-44.2034806,49.4285714285714,53.305
"273","2015-02-22 17:07:00",-73.2558036,-44.2034937,49.4285714285714,53.321
"274","2015-02-22 17:07:00",-73.2557913,-44.2035025,49.2857142857143,53.317
"275","2015-02-22 17:07:01",-73.255773,-44.2035156,49.3809523809524,53.332
"276","2015-02-22 17:07:01",-73.2557606,-44.203524,49.2857142857143,53.369
"277","2015-02-22 17:07:02",-73.2557418,-44.2035349,49.2857142857143,53.367
"278","2015-02-22 17:07:02",-73.255723,-44.2035446,49.3333333333333,53.366
"279","2015-02-22 17:07:03",-73.2557108,-44.2035504,49.3809523809524,53.379
"280","2015-02-22 17:07:03",-73.2556936,-44.2035586,49.4285714285714,53.349
"281","2015-02-22 17:07:04",-73.2556826,-44.2035641,49.4761904761905,53.341
"282","2015-02-22 17:07:04",-73.2556662,-44.203572,49.4285714285714,53.233
"283","2015-02-22 17:07:05",-73.2556554,-44.2035773,49.3333333333333,53.222
"284","2015-02-22 17:07:05",-73.2556391,-44.2035846,49.4285714285714,53.144
"285","2015-02-22 17:07:06",-73.255628,-44.2035888,49.1904761904762,53.091
"286","2015-02-22 17:07:06",-73.2556111,-44.203594,49.3333333333333,53.053
"287","2015-02-22 17:07:07",-73.2555947,-44.2035982,49.2380952380952,53.039
"288","2015-02-22 17:07:07",-73.2555841,-44.2036006,49.3333333333333,52.998
"289","2015-02-22 17:07:08",-73.2555696,-44.2036042,49.2857142857143,52.935
"290","2015-02-22 17:07:08",-73.2555607,-44.2036067,49.2857142857143,52.877
"291","2015-02-22 17:07:09",-73.2555482,-44.2036113,49.4285714285714,52.885
"292","2015-02-22 17:07:09",-73.25554,-44.2036145,49.2857142857143,52.863
"293","2015-02-22 17:07:10",-73.2555271,-44.2036195,49.2857142857143,52.858
"294","2015-02-22 17:07:10",-73.2555182,-44.2036231,49.2857142857143,52.884
"295","2015-02-22 17:07:11",-73.2555049,-44.203628,49.2857142857143,52.884
"296","2015-02-22 17:07:11",-73.2554921,-44.2036319,49.2857142857143,52.915
"297","2015-02-22 17:07:12",-73.2554841,-44.203634,49.1428571428571,52.911
"298","2015-02-22 17:07:12",-73.2554727,-44.2036381,49.3809523809524,52.997
"299","2015-02-22 17:07:13",-73.2554642,-44.2036411,49.3333333333333,52.985
"300","2015-02-22 17:07:13",-73.2554496,-44.2036468,49.2857142857143,53.02
"301","2015-02-22 17:07:14",-73.255433,-44.203654,49.1904761904762,53.066
"302","2015-02-22 17:07:14",-73.2554216,-44.2036594,49.0952380952381,53.122
"303","2015-02-22 17:07:15",-73.2554052,-44.203668,49.1428571428571,53.214
"304","2015-02-22 17:07:15",-73.2553947,-44.2036738,49.1904761904762,53.317
"305","2015-02-22 17:07:16",-73.25538,-44.2036817,49.2380952380952,53.411
"306","2015-02-22 17:07:16",-73.2553708,-44.2036869,49.2857142857143,53.466
"307","2015-02-22 17:07:17",-73.255358,-44.2036954,49.4285714285714,53.538
"308","2015-02-22 17:07:18",-73.2553494,-44.2037016,49.4285714285714,53.529
"309","2015-02-22 17:07:18",-73.2553345,-44.2037114,49.3809523809524,53.526
"310","2015-02-22 17:07:19",-73.2553168,-44.2037213,49.1428571428571,53.468
"311","2015-02-22 17:07:19",-73.2553041,-44.2037278,49.1428571428571,53.498
"312","2015-02-22 17:07:20",-73.2552847,-44.2037367,49.1904761904762,53.518
"313","2015-02-22 17:07:20",-73.2552722,-44.203742,49.1904761904762,53.533
"314","2015-02-22 17:07:21",-73.2552548,-44.2037492,49.2857142857143,53.551
"315","2015-02-22 17:07:21",-73.2552393,-44.2037563,49.4285714285714,53.534
"316","2015-02-22 17:07:22",-73.2552296,-44.2037613,49.4285714285714,53.532
"317","2015-02-22 17:07:22",-73.2552151,-44.2037689,49.5714285714286,53.452
"318","2015-02-22 17:07:23",-73.2552054,-44.2037742,49.4761904761905,53.443
"319","2015-02-22 17:07:23",-73.2551906,-44.203782,49.3333333333333,53.356
"320","2015-02-22 17:07:24",-73.255176,-44.2037895,49.4285714285714,53.298
"321","2015-02-22 17:07:24",-73.2551664,-44.2037944,49.4285714285714,53.279
"322","2015-02-22 17:07:25",-73.2551518,-44.203801,49.2857142857143,53.23
"323","2015-02-22 17:07:25",-73.255142,-44.203805,49.1904761904762,53.205
"324","2015-02-22 17:07:26",-73.2551273,-44.2038101,49.1428571428571,53.214
"325","2015-02-22 17:07:26",-73.2551174,-44.2038131,49.1904761904762,53.185
"326","2015-02-22 17:07:27",-73.2551038,-44.2038181,49.1428571428571,53.203
"327","2015-02-22 17:07:27",-73.2550913,-44.2038218,49.2380952380952,53.225
"328","2015-02-22 17:07:28",-73.255083,-44.2038283,49.2380952380952,53.248
"329","2015-02-22 17:07:28",-73.2550702,-44.2038353,49.3333333333333,53.223
"330","2015-02-22 17:07:29",-73.2550613,-44.2038397,49.2857142857143,53.218
"331","2015-02-22 17:07:29",-73.255047,-44.2038453,49.4285714285714,53.277
"332","2015-02-22 17:07:30",-73.255037,-44.203848,49.4285714285714,53.251
"333","2015-02-22 17:07:30",-73.2550219,-44.2038517,49.1428571428571,53.275
"334","2015-02-22 17:07:31",-73.2550074,-44.2038546,49.1904761904762,53.321
"335","2015-02-22 17:07:31",-73.2549984,-44.2038564,49.3333333333333,53.326
"336","2015-02-22 17:07:32",-73.2549857,-44.2038592,49.4285714285714,53.378
"337","2015-02-22 17:07:32",-73.2549776,-44.2038604,49.4285714285714,53.331
"338","2015-02-22 17:07:33",-73.2549661,-44.2038625,49.3809523809524,53.328
"339","2015-02-22 17:07:34",-73.2549588,-44.203864,49.4285714285714,53.286
"340","2015-02-22 17:07:34",-73.2549483,-44.2038664,49.3809523809524,53.246
"341","2015-02-22 17:07:35",-73.2549381,-44.2038692,49.2857142857143,53.205
"342","2015-02-22 17:07:35",-73.2549309,-44.2038716,49.1428571428571,53.193
"343","2015-02-22 17:07:36",-73.2549187,-44.2038759,49.1428571428571,53.135
"344","2015-02-22 17:07:36",-73.2549098,-44.2038794,49.1428571428571,53.127
"345","2015-02-22 17:07:37",-73.2548957,-44.2038854,49.1428571428571,53.188
"346","2015-02-22 17:07:37",-73.2548807,-44.2038918,49.2857142857143,53.219
"347","2015-02-22 17:07:38",-73.2548704,-44.2038957,49.1904761904762,53.22
"348","2015-02-22 17:07:38",-73.2548549,-44.2039007,49.4285714285714,53.188
"349","2015-02-22 17:07:39",-73.2548447,-44.2039036,49.4285714285714,53.158
"350","2015-02-22 17:07:39",-73.2548298,-44.2039073,49.1428571428571,53.12
"351","2015-02-22 17:07:40",-73.2548206,-44.2039095,49.3809523809524,53.089
"352","2015-02-22 17:07:40",-73.2548075,-44.2039124,49.5238095238095,53.003
"353","2015-02-22 17:07:41",-73.2547952,-44.2039149,49.4285714285714,52.893
"354","2015-02-22 17:07:41",-73.2547873,-44.2039165,49.3333333333333,52.816
"355","2015-02-22 17:07:42",-73.2547757,-44.2039188,49.4285714285714,52.759
"356","2015-02-22 17:07:42",-73.2547682,-44.2039206,49.3333333333333,52.743
"357","2015-02-22 17:07:43",-73.2547573,-44.2039234,49.3333333333333,52.705
"358","2015-02-22 17:07:43",-73.2547502,-44.2039254,49.2857142857143,52.67
"359","2015-02-22 17:07:44",-73.2547405,-44.2039285,49.3333333333333,52.567
"360","2015-02-22 17:07:44",-73.2547312,-44.2039317,49.3809523809524,52.437
"361","2015-02-22 17:07:45",-73.2547254,-44.2039342,49.2857142857143,52.385
"362","2015-02-22 17:07:45",-73.2547168,-44.2039388,49.2857142857143,52.308
"363","2015-02-22 17:07:46",-73.254711,-44.2039423,49.3333333333333,52.196
"364","2015-02-22 17:07:46",-73.2547021,-44.2039491,49.4761904761905,52.085
"365","2015-02-22 17:07:47",-73.2546959,-44.2039541,49.2857142857143,52.025
"366","2015-02-22 17:07:47",-73.2546863,-44.2039619,49.4285714285714,51.953
"367","2015-02-22 17:07:48",-73.254676,-44.2039692,49.2857142857143,51.841
"368","2015-02-22 17:07:48",-73.254669,-44.2039736,49.3333333333333,51.752
"369","2015-02-22 17:07:49",-73.2546587,-44.2039798,49.4285714285714,51.572
"370","2015-02-22 17:07:50",-73.2546525,-44.203984,49.3333333333333,51.509
"371","2015-02-22 17:07:50",-73.2546438,-44.2039893,49.3333333333333,51.389
"372","2015-02-22 17:07:51",-73.2546364,-44.203995,49.4285714285714,51.34
"373","2015-02-22 17:07:51",-73.2546316,-44.2039985,49.2857142857143,51.303
"374","2015-02-22 17:07:52",-73.2546244,-44.2040031,49.4761904761905,51.232
"375","2015-02-22 17:07:52",-73.2546202,-44.2040052,49.2857142857143,51.162
"376","2015-02-22 17:07:53",-73.2546166,-44.2040063,49.3809523809524,51.086
"377","2015-02-22 17:07:53",-73.2546163,-44.2040063,49.5714285714286,51.064
"378","2015-02-22 17:07:54",-73.2546178,-44.2040061,49.5238095238095,51.04
"379","2015-02-22 17:07:54",-73.2546203,-44.2040064,49.3333333333333,51.015
"380","2015-02-22 17:07:55",-73.2546215,-44.204007,49.4285714285714,51.012
"381","2015-02-22 17:07:55",-73.2546202,-44.2040092,49.4285714285714,50.99
"382","2015-02-22 17:07:56",-73.2546158,-44.2040118,49.2857142857143,50.941
"383","2015-02-22 17:07:56",-73.2546043,-44.2040168,49.5714285714286,50.843
"384","2015-02-22 17:07:57",-73.2545945,-44.2040201,49.2857142857143,50.609
"385","2015-02-22 17:07:57",-73.2545794,-44.2040243,49.2857142857143,50.558
"386","2015-02-22 17:07:58",-73.2545654,-44.2040269,49.2857142857143,50.416
"387","2015-02-22 17:07:58",-73.2545575,-44.2040279,49.2857142857143,50.329
"388","2015-02-22 17:07:59",-73.2545479,-44.2040288,49.1428571428571,50.234
"389","2015-02-22 17:07:59",-73.2545428,-44.2040291,49.1904761904762,50.146
"390","2015-02-22 17:08:00",-73.2545356,-44.20403,49.2380952380952,50.128
"391","2015-02-22 17:08:00",-73.2545275,-44.2040322,49.2380952380952,50.088
"392","2015-02-22 17:08:01",-73.2545211,-44.2040345,49.2857142857143,50.059
"393","2015-02-22 17:08:01",-73.2545089,-44.2040382,49.4285714285714,49.949
"394","2015-02-22 17:08:02",-73.2544993,-44.2040408,49.3333333333333,49.843
"395","2015-02-22 17:08:02",-73.2544841,-44.2040451,49.2857142857143,49.761
"396","2015-02-22 17:08:03",-73.2544741,-44.2040478,49.1428571428571,49.724
"397","2015-02-22 17:08:03",-73.2544602,-44.2040521,49.1428571428571,49.666
"398","2015-02-22 17:08:04",-73.2544507,-44.2040544,49.2380952380952,49.644
"399","2015-02-22 17:08:04",-73.2544363,-44.2040582,49.2857142857143,49.593
"400","2015-02-22 17:08:05",-73.2544228,-44.2040627,49.1428571428571,49.558
"401","2015-02-22 17:08:05",-73.2544146,-44.2040661,49.1428571428571,49.508
"402","2015-02-22 17:08:06",-73.2544035,-44.2040718,49.1428571428571,49.529
"403","2015-02-22 17:08:07",-73.2543963,-44.2040756,49.2380952380952,49.508
"404","2015-02-22 17:08:07",-73.2543855,-44.2040815,49.0952380952381,49.54
"405","2015-02-22 17:08:08",-73.254375,-44.2040875,49.1904761904762,49.575
"406","2015-02-22 17:08:08",-73.2543682,-44.2040914,49.2380952380952,49.587
"407","2015-02-22 17:08:09",-73.2543581,-44.2040971,49.2380952380952,49.599
"408","2015-02-22 17:08:09",-73.2543511,-44.2041007,49.1428571428571,49.599
"409","2015-02-22 17:08:10",-73.2543404,-44.2041055,49.2857142857143,49.555
"410","2015-02-22 17:08:10",-73.254333,-44.2041085,49.2380952380952,49.529
"411","2015-02-22 17:08:11",-73.2543217,-44.2041125,49.2380952380952,49.464
"412","2015-02-22 17:08:11",-73.2543098,-44.2041161,49.0952380952381,49.378
"413","2015-02-22 17:08:12",-73.2543019,-44.2041189,49.1428571428571,49.351
"414","2015-02-22 17:08:12",-73.2542913,-44.204124,49.1428571428571,49.257
"415","2015-02-22 17:08:13",-73.2542851,-44.2041285,49,49.215
"416","2015-02-22 17:08:13",-73.2542767,-44.2041366,49.1428571428571,49.209
"417","2015-02-22 17:08:14",-73.2542708,-44.2041422,49.1904761904762,49.198
"418","2015-02-22 17:08:14",-73.2542605,-44.2041505,49.1428571428571,49.132
"419","2015-02-22 17:08:15",-73.2542526,-44.2041553,49,49.108
"420","2015-02-22 17:08:15",-73.2542399,-44.2041609,49,49.048
"421","2015-02-22 17:08:16",-73.254227,-44.2041645,49.1428571428571,48.939
"422","2015-02-22 17:08:16",-73.2542192,-44.2041663,49,48.883
"423","2015-02-22 17:08:17",-73.2542091,-44.2041687,48.7142857142857,48.8
"424","2015-02-22 17:08:17",-73.2542033,-44.2041704,48.7619047619048,48.768
"425","2015-02-22 17:08:18",-73.2541952,-44.2041739,48.8095238095238,48.773
"426","2015-02-22 17:08:18",-73.2541897,-44.2041767,48.8095238095238,48.766
"427","2015-02-22 17:08:19",-73.2541811,-44.2041822,48.7619047619048,48.809
"428","2015-02-22 17:08:19",-73.2541724,-44.2041886,49,48.822
"429","2015-02-22 17:08:20",-73.254166,-44.2041925,49,48.813
"430","2015-02-22 17:08:20",-73.2541556,-44.2041979,48.9523809523809,48.833
"431","2015-02-22 17:08:21",-73.2541485,-44.204201,48.8095238095238,48.797
"432","2015-02-22 17:08:21",-73.2541387,-44.2042058,48.9047619047619,48.812
"433","2015-02-22 17:08:22",-73.2541292,-44.20421,48.8571428571429,48.827
"434","2015-02-22 17:08:22",-73.2541233,-44.2042126,49,48.84
"435","2015-02-22 17:08:23",-73.2541145,-44.2042164,48.9523809523809,48.863
"436","2015-02-22 17:08:23",-73.254109,-44.2042191,48.8571428571429,48.892
"437","2015-02-22 17:08:24",-73.2541016,-44.2042239,48.9523809523809,48.94
"438","2015-02-22 17:08:25",-73.2540969,-44.2042274,49,48.978
"439","2015-02-22 17:08:25",-73.2540896,-44.2042327,49.0476190476191,48.991
"440","2015-02-22 17:08:26",-73.2540813,-44.2042373,49,49.017
"441","2015-02-22 17:08:26",-73.254075,-44.2042396,49.0952380952381,49.008
"442","2015-02-22 17:08:27",-73.2540646,-44.2042419,49,48.981
"443","2015-02-22 17:08:27",-73.2540567,-44.2042429,49,48.969
"444","2015-02-22 17:08:28",-73.2540439,-44.2042445,49,48.876
"445","2015-02-22 17:08:28",-73.2540303,-44.2042475,48.9523809523809,48.794
"446","2015-02-22 17:08:29",-73.2540209,-44.2042505,48.9047619047619,48.727
"447","2015-02-22 17:08:29",-73.2540061,-44.2042561,48.8095238095238,48.634
"448","2015-02-22 17:08:30",-73.2539956,-44.2042603,48.6666666666667,48.656
"449","2015-02-22 17:08:30",-73.2539787,-44.2042661,48.6666666666667,48.641
"450","2015-02-22 17:08:31",-73.2539665,-44.2042696,48.5238095238095,48.685
"451","2015-02-22 17:08:31",-73.2539478,-44.2042738,48.5238095238095,48.842
"452","2015-02-22 17:08:32",-73.2539298,-44.2042762,48.5714285714286,48.869
"453","2015-02-22 17:08:32",-73.2539192,-44.2042776,48.6666666666667,48.892
"454","2015-02-22 17:08:33",-73.2539054,-44.2042802,48.8095238095238,48.963
"455","2015-02-22 17:08:33",-73.2538971,-44.2042824,48.8095238095238,48.93
"456","2015-02-22 17:08:34",-73.2538851,-44.2042876,48.9523809523809,48.942
"457","2015-02-22 17:08:34",-73.2538765,-44.2042917,49,48.892
"458","2015-02-22 17:08:35",-73.2538623,-44.2042989,48.8095238095238,48.898
"459","2015-02-22 17:08:35",-73.2538466,-44.2043061,48.8095238095238,48.821
"460","2015-02-22 17:08:36",-73.2538357,-44.2043109,48.6666666666667,48.779
"461","2015-02-22 17:08:36",-73.2538195,-44.2043177,48.5238095238095,48.737
"462","2015-02-22 17:08:37",-73.2538088,-44.2043217,48.8095238095238,48.724
"463","2015-02-22 17:08:37",-73.2537934,-44.2043273,48.7619047619048,48.699
"464","2015-02-22 17:08:38",-73.2537835,-44.2043311,48.8095238095238,48.706
"465","2015-02-22 17:08:38",-73.2537694,-44.2043367,48.8095238095238,48.705
"466","2015-02-22 17:08:39",-73.2537555,-44.2043427,48.8095238095238,48.692
"467","2015-02-22 17:08:39",-73.2537462,-44.2043468,48.8095238095238,48.693
"468","2015-02-22 17:08:40",-73.2537323,-44.2043529,48.8571428571429,48.67
"469","2015-02-22 17:08:40",-73.253723,-44.2043571,48.8571428571429,48.654
"470","2015-02-22 17:08:41",-73.2537083,-44.2043626,48.8095238095238,48.573
"471","2015-02-22 17:08:42",-73.2536984,-44.2043657,48.8095238095238,48.511
"472","2015-02-22 17:08:42",-73.2536834,-44.2043699,49,48.469
"473","2015-02-22 17:08:43",-73.2536687,-44.2043739,48.8095238095238,48.454
"474","2015-02-22 17:08:43",-73.2536588,-44.2043763,48.9523809523809,48.423
"475","2015-02-22 17:08:44",-73.2536445,-44.2043798,48.9523809523809,48.317
"476","2015-02-22 17:08:44",-73.2536351,-44.2043819,48.8095238095238,48.248
"477","2015-02-22 17:08:45",-73.253621,-44.2043848,48.8095238095238,48.186
"478","2015-02-22 17:08:45",-73.2536063,-44.2043872,48.8095238095238,48.107
"479","2015-02-22 17:08:46",-73.2535962,-44.2043887,48.8095238095238,48.129
"480","2015-02-22 17:08:46",-73.2535808,-44.2043904,48.8095238095238,48.185
"481","2015-02-22 17:08:47",-73.2535708,-44.2043916,48.7142857142857,48.268
"482","2015-02-22 17:08:47",-73.2535565,-44.2043934,48.8095238095238,48.32
"483","2015-02-22 17:08:48",-73.2535431,-44.2043954,48.8095238095238,48.413
"484","2015-02-22 17:08:48",-73.2535343,-44.2043969,48.7619047619048,48.431
"485","2015-02-22 17:08:49",-73.2535214,-44.2043999,48.9047619047619,48.453
"486","2015-02-22 17:08:49",-73.2535125,-44.204402,48.8571428571429,48.431
"487","2015-02-22 17:08:50",-73.2534995,-44.2044057,48.8095238095238,48.384
"488","2015-02-22 17:08:50",-73.253491,-44.2044081,48.9047619047619,48.349
"489","2015-02-22 17:08:51",-73.2534779,-44.204412,48.8571428571429,48.385
"490","2015-02-22 17:08:51",-73.2534649,-44.2044153,48.8095238095238,48.308
"491","2015-02-22 17:08:52",-73.2534561,-44.2044172,48.8095238095238,48.285
"492","2015-02-22 17:08:52",-73.2534429,-44.2044199,48.8095238095238,48.261
"493","2015-02-22 17:08:53",-73.2534345,-44.2044218,48.8095238095238,48.28
"494","2015-02-22 17:08:53",-73.2534223,-44.204425,48.8095238095238,48.252
"495","2015-02-22 17:08:54",-73.2534148,-44.2044277,48.8095238095238,48.211
"496","2015-02-22 17:08:54",-73.2534043,-44.2044326,48.9523809523809,48.273
"497","2015-02-22 17:08:55",-73.2533931,-44.2044379,48.9047619047619,48.381
"498","2015-02-22 17:08:55",-73.2533847,-44.204441,48.8095238095238,48.294
"499","2015-02-22 17:08:56",-73.2533716,-44.2044455,48.8571428571429,48.192
"500","2015-02-22 17:08:56",-73.2533632,-44.2044484,48.8095238095238,48.172
"501","2015-02-22 17:08:57",-73.2533517,-44.204453,48.9523809523809,48.108
"502","2015-02-22 17:08:58",-73.2533447,-44.2044564,48.9047619047619,48.044
"503","2015-02-22 17:08:58",-73.2533346,-44.204462,48.9523809523809,47.942
"504","2015-02-22 17:08:59",-73.2533243,-44.2044678,48.8095238095238,47.802
"505","2015-02-22 17:08:59",-73.2533173,-44.2044716,48.9047619047619,47.74
"506","2015-02-22 17:09:00",-73.2533061,-44.2044766,48.9523809523809,47.563
"507","2015-02-22 17:09:00",-73.2532989,-44.2044799,48.8571428571429,47.516
"508","2015-02-22 17:09:01",-73.253288,-44.2044847,48.9523809523809,47.41
"509","2015-02-22 17:09:01",-73.2532779,-44.2044898,48.9523809523809,47.349
"510","2015-02-22 17:09:02",-73.2532712,-44.204493,48.8095238095238,47.263
"511","2015-02-22 17:09:02",-73.2532606,-44.2044976,48.8571428571429,47.217
"512","2015-02-22 17:09:03",-73.2532526,-44.2044995,48.8095238095238,47.142
"513","2015-02-22 17:09:03",-73.2532393,-44.204499,48.8095238095238,47.036
"514","2015-02-22 17:09:04",-73.2532297,-44.2044957,48.8095238095238,46.953
"515","2015-02-22 17:09:04",-73.2532154,-44.2044858,48.7142857142857,46.899
"516","2015-02-22 17:09:05",-73.2532064,-44.2044762,48.7142857142857,46.899
"517","2015-02-22 17:09:05",-73.253195,-44.2044598,49,46.935
"518","2015-02-22 17:09:06",-73.2531865,-44.204442,48.5714285714286,47.034
"519","2015-02-22 17:09:06",-73.2531824,-44.2044301,48.6666666666667,47.102
"520","2015-02-22 17:09:07",-73.2531788,-44.2044139,49.0476190476191,47.365
"521","2015-02-22 17:09:07",-73.2531773,-44.2044044,48.6190476190476,47.472
"522","2015-02-22 17:09:08",-73.2531749,-44.2043917,49,47.829
"523","2015-02-22 17:09:08",-73.253168,-44.2043793,49.1428571428571,48.145
"524","2015-02-22 17:09:09",-73.2531601,-44.2043707,49.5714285714286,48.335
"525","2015-02-22 17:09:09",-73.2531431,-44.2043565,49.7619047619048,48.463
"526","2015-02-22 17:09:10",-73.2531301,-44.2043459,49.7619047619048,48.492
"527","2015-02-22 17:09:10",-73.2531092,-44.2043281,49.6190476190476,48.616
"528","2015-02-22 17:09:11",-73.2530956,-44.2043146,49.6190476190476,48.61
"529","2015-02-22 17:09:11",-73.2530773,-44.2042925,49.7619047619048,48.714
"530","2015-02-22 17:09:12",-73.253063,-44.2042697,49.5714285714286,48.898
"531","2015-02-22 17:09:12",-73.2530561,-44.2042544,49.6190476190476,49.082
"532","2015-02-22 17:09:13",-73.2530498,-44.2042319,49.4285714285714,49.42
"533","2015-02-22 17:09:13",-73.2530469,-44.2042181,49.7142857142857,49.678
"534","2015-02-22 17:09:14",-73.2530415,-44.2041989,49.9523809523809,50.089
"535","2015-02-22 17:09:14",-73.2530345,-44.2041873,50.0476190476191,50.338
"536","2015-02-22 17:09:15",-73.2530191,-44.2041693,50.1428571428571,50.637
"537","2015-02-22 17:09:16",-73.2529982,-44.2041496,50.2857142857143,50.817
"538","2015-02-22 17:09:16",-73.252982,-44.2041351,49.8095238095238,50.896
"539","2015-02-22 17:09:17",-73.2529577,-44.204111,49.9047619047619,51.124
"540","2015-02-22 17:09:17",-73.2529425,-44.2040937,50.5238095238095,51.284
"541","2015-02-22 17:09:18",-73.252924,-44.2040663,50.3809523809524,51.318
"542","2015-02-22 17:09:18",-73.2529155,-44.2040485,50.6666666666667,51.462
"543","2015-02-22 17:09:19",-73.2529088,-44.2040216,50.6190476190476,51.476
"544","2015-02-22 17:09:19",-73.252908,-44.2039963,50.3333333333333,51.468
"545","2015-02-22 17:09:20",-73.2529091,-44.2039806,49.9523809523809,51.458
"546","2015-02-22 17:09:20",-73.2529113,-44.2039603,50.0476190476191,51.634
"547","2015-02-22 17:09:21",-73.2529112,-44.2039492,50.1428571428571,51.864
"548","2015-02-22 17:09:21",-73.2529058,-44.2039332,50.3333333333333,51.948
"549","2015-02-22 17:09:22",-73.2528981,-44.2039228,50.0952380952381,51.978
"550","2015-02-22 17:09:22",-73.2528805,-44.2039062,49.9047619047619,52.074
"551","2015-02-22 17:09:23",-73.2528573,-44.2038867,50.0952380952381,52.271
"552","2015-02-22 17:09:23",-73.2528409,-44.203872,50.1904761904762,52.448
"553","2015-02-22 17:09:24",-73.252817,-44.2038477,50.1428571428571,52.642
"554","2015-02-22 17:09:24",-73.2528027,-44.2038302,50.1904761904762,52.837
"555","2015-02-22 17:09:25",-73.2527857,-44.2038034,50.5238095238095,53.05
"556","2015-02-22 17:09:25",-73.2527749,-44.2037768,50.4285714285714,53.237
"557","2015-02-22 17:09:26",-73.2527715,-44.2037597,50.6666666666667,53.342
"558","2015-02-22 17:09:26",-73.2527697,-44.2037358,50.6666666666667,53.452
"559","2015-02-22 17:09:27",-73.2527689,-44.2037229,50.8571428571429,53.635
"560","2015-02-22 17:09:27",-73.2527628,-44.2037062,50.5714285714286,53.61
"561","2015-02-22 17:09:28",-73.2527492,-44.2036935,50.3333333333333,53.609
"562","2015-02-22 17:09:28",-73.2527362,-44.2036854,50.8095238095238,53.543
"563","2015-02-22 17:09:29",-73.2527137,-44.203673,50.8095238095238,53.37
"564","2015-02-22 17:09:29",-73.2526975,-44.203663,50.4285714285714,53.251
"565","2015-02-22 17:09:30",-73.252673,-44.2036454,50.3333333333333,53.138
"566","2015-02-22 17:09:31",-73.2526571,-44.2036319,50.0476190476191,53.152
"567","2015-02-22 17:09:31",-73.2526362,-44.2036107,49.7619047619048,53.231
"568","2015-02-22 17:09:32",-73.2526204,-44.203591,49.7619047619048,53.398
"569","2015-02-22 17:09:32",-73.2526135,-44.20358,49.8571428571429,53.577
"570","2015-02-22 17:09:33",-73.2526067,-44.2035666,50.0476190476191,53.726
"571","2015-02-22 17:09:33",-73.2526027,-44.2035597,50.3333333333333,53.785
"572","2015-02-22 17:09:34",-73.2525944,-44.2035516,50.1428571428571,53.869
"573","2015-02-22 17:09:34",-73.252586,-44.2035463,50.0476190476191,53.862
"574","2015-02-22 17:09:35",-73.2525694,-44.2035367,50.0476190476191,53.783
"575","2015-02-22 17:09:35",-73.2525486,-44.2035248,50.1904761904762,53.735
"576","2015-02-22 17:09:36",-73.2525339,-44.2035164,50.0952380952381,53.631
"577","2015-02-22 17:09:36",-73.2525119,-44.203503,49.9047619047619,53.461
"578","2015-02-22 17:09:37",-73.2524979,-44.2034942,49.7142857142857,53.359
"579","2015-02-22 17:09:37",-73.252479,-44.2034821,49.5714285714286,53.248
"580","2015-02-22 17:09:38",-73.2524675,-44.2034754,49.5714285714286,53.24
"581","2015-02-22 17:09:38",-73.2524518,-44.2034669,49.4761904761905,53.234
"582","2015-02-22 17:09:39",-73.2524417,-44.2034627,49.7619047619048,53.239
"583","2015-02-22 17:09:39",-73.2524255,-44.2034574,49.5238095238095,53.176
"584","2015-02-22 17:09:40",-73.2524065,-44.2034528,49.5238095238095,53.114
"585","2015-02-22 17:09:40",-73.2523912,-44.2034492,49.5238095238095,53.093
"586","2015-02-22 17:09:41",-73.2523641,-44.2034428,49.4285714285714,52.965
"587","2015-02-22 17:09:41",-73.2523442,-44.2034376,49.2857142857143,52.867
"588","2015-02-22 17:09:42",-73.252314,-44.2034283,49.2857142857143,52.81
"589","2015-02-22 17:09:42",-73.2522943,-44.2034212,49.1428571428571,52.719
"590","2015-02-22 17:09:43",-73.2522672,-44.2034099,49.2857142857143,52.702
"591","2015-02-22 17:09:43",-73.2522425,-44.2033989,48.9523809523809,52.73
"592","2015-02-22 17:09:44",-73.2522275,-44.2033927,48.7619047619048,52.773
"593","2015-02-22 17:09:44",-73.2522064,-44.2033861,48.8095238095238,52.844
"594","2015-02-22 17:09:45",-73.2521925,-44.2033835,48.8095238095238,52.911
"595","2015-02-22 17:09:45",-73.2521706,-44.2033813,48.8095238095238,52.982
"596","2015-02-22 17:09:46",-73.2521469,-44.2033787,49.1428571428571,53.037
"597","2015-02-22 17:09:46",-73.2521296,-44.2033758,49.1428571428571,53.051
"598","2015-02-22 17:09:47",-73.2521021,-44.2033691,49.0952380952381,53.051
"599","2015-02-22 17:09:47",-73.2520834,-44.2033631,49.0476190476191,53.01
"600","2015-02-22 17:09:48",-73.2520551,-44.2033526,49.0952380952381,52.967
"601","2015-02-22 17:09:49",-73.2520364,-44.2033456,48.9523809523809,52.979
"602","2015-02-22 17:09:49",-73.2520081,-44.2033353,48.9523809523809,52.991
"603","2015-02-22 17:09:50",-73.2519801,-44.2033257,48.8095238095238,52.998
"604","2015-02-22 17:09:50",-73.2519619,-44.2033198,48.8571428571429,52.984
"605","2015-02-22 17:09:51",-73.2519351,-44.203312,49,53.038
"606","2015-02-22 17:09:51",-73.2519173,-44.2033068,48.8095238095238,53.04
"607","2015-02-22 17:09:52",-73.2518905,-44.2032996,48.8571428571429,53.088
"608","2015-02-22 17:09:52",-73.2518626,-44.2032925,48.9523809523809,53.101
"609","2015-02-22 17:09:53",-73.2518433,-44.203288,49.1428571428571,53.104
"610","2015-02-22 17:09:53",-73.2518139,-44.2032817,49,53.132
"611","2015-02-22 17:09:54",-73.2517941,-44.2032775,49.0952380952381,53.12
"612","2015-02-22 17:09:54",-73.2517647,-44.2032712,49.0476190476191,53.078
"613","2015-02-22 17:09:55",-73.2517454,-44.2032666,48.9523809523809,53.05
"614","2015-02-22 17:09:55",-73.2517167,-44.2032595,49.0476190476191,53.102
"615","2015-02-22 17:09:56",-73.2516882,-44.2032514,49,53.125
"616","2015-02-22 17:09:56",-73.2516692,-44.2032461,49,53.136
"617","2015-02-22 17:09:57",-73.2516406,-44.2032391,48.9523809523809,53.225
"618","2015-02-22 17:09:57",-73.2516215,-44.2032349,49.0952380952381,53.251
"619","2015-02-22 17:09:58",-73.2515925,-44.2032291,49.1428571428571,53.38
"620","2015-02-22 17:09:58",-73.2515726,-44.2032246,49.1428571428571,53.404
"621","2015-02-22 17:09:59",-73.2515422,-44.2032173,49.1904761904762,53.494
"622","2015-02-22 17:09:59",-73.2515118,-44.2032085,49.0952380952381,53.569
"623","2015-02-22 17:10:00",-73.2514916,-44.2032023,48.8095238095238,53.626
"624","2015-02-22 17:10:00",-73.2514611,-44.2031932,48.9523809523809,53.709
"625","2015-02-22 17:10:01",-73.2514409,-44.2031877,48.9523809523809,53.764
"626","2015-02-22 17:10:01",-73.2514109,-44.2031806,49.0952380952381,53.833
"627","2015-02-22 17:10:02",-73.2513816,-44.2031747,49.0476190476191,53.908
"628","2015-02-22 17:10:02",-73.2513623,-44.2031706,49.0476190476191,53.872
"629","2015-02-22 17:10:03",-73.2513332,-44.2031648,49.1428571428571,53.932
"630","2015-02-22 17:10:03",-73.2513136,-44.2031605,49,53.951
"631","2015-02-22 17:10:04",-73.2512835,-44.2031535,49.1428571428571,53.954
"632","2015-02-22 17:10:04",-73.251263,-44.2031485,49.1428571428571,53.958
"633","2015-02-22 17:10:05",-73.2512328,-44.2031408,49,53.97
"634","2015-02-22 17:10:06",-73.251203,-44.203133,49,53.974
"635","2015-02-22 17:10:06",-73.2511834,-44.2031278,49,53.934
"636","2015-02-22 17:10:07",-73.2511543,-44.2031198,48.8571428571429,53.883
"637","2015-02-22 17:10:07",-73.2511348,-44.2031145,49.0476190476191,53.882
"638","2015-02-22 17:10:08",-73.2511053,-44.2031068,49.0476190476191,53.901
"639","2015-02-22 17:10:08",-73.2510854,-44.2031017,48.9523809523809,53.921
"640","2015-02-22 17:10:09",-73.2510554,-44.2030941,48.9523809523809,53.914
"641","2015-02-22 17:10:09",-73.2510249,-44.2030866,48.9523809523809,53.963
"642","2015-02-22 17:10:10",-73.2510044,-44.203081,49.1428571428571,53.928
"643","2015-02-22 17:10:10",-73.2509741,-44.203072,49,53.886
"644","2015-02-22 17:10:11",-73.2509544,-44.2030655,49.1428571428571,53.873
"645","2015-02-22 17:10:11",-73.2509249,-44.2030552,49.1428571428571,53.838
"646","2015-02-22 17:10:12",-73.2509055,-44.2030486,49,53.824
"647","2015-02-22 17:10:12",-73.2508763,-44.203039,49.1904761904762,53.842
"648","2015-02-22 17:10:13",-73.2508466,-44.2030332,49.0952380952381,53.815
"649","2015-02-22 17:10:13",-73.2508263,-44.2030245,49,53.755
"650","2015-02-22 17:10:14",-73.2507956,-44.2030163,49.1428571428571,53.684
"651","2015-02-22 17:10:14",-73.2507751,-44.2030109,48.9523809523809,53.634
"652","2015-02-22 17:10:15",-73.2507448,-44.2030024,49,53.579
"653","2015-02-22 17:10:15",-73.2507247,-44.2029964,49,53.53
"654","2015-02-22 17:10:16",-73.2506946,-44.2029867,49.0952380952381,53.476
"655","2015-02-22 17:10:16",-73.2506644,-44.2029761,48.8571428571429,53.404
"656","2015-02-22 17:10:17",-73.2506444,-44.2029687,49.0952380952381,53.385
"657","2015-02-22 17:10:17",-73.2506144,-44.202958,49.1428571428571,53.45
"658","2015-02-22 17:10:18",-73.2505947,-44.202951,49,53.418
"659","2015-02-22 17:10:18",-73.2505648,-44.2029408,49,53.413
"660","2015-02-22 17:10:19",-73.2505449,-44.202934,48.9523809523809,53.358
"661","2015-02-22 17:10:19",-73.2505151,-44.2029242,49.0952380952381,53.306
"662","2015-02-22 17:10:20",-73.250485,-44.2029143,49,53.173
"663","2015-02-22 17:10:20",-73.250465,-44.2029075,49.0952380952381,53.071
"664","2015-02-22 17:10:21",-73.2504351,-44.2028983,48.9523809523809,53.11
"665","2015-02-22 17:10:22",-73.2504153,-44.202892,49.0476190476191,53.125
"666","2015-02-22 17:10:22",-73.2503855,-44.2028823,49,53.12
"667","2015-02-22 17:10:23",-73.2503559,-44.2028731,49.0476190476191,53.227
"668","2015-02-22 17:10:23",-73.2503362,-44.2028666,49.1904761904762,53.236
"669","2015-02-22 17:10:24",-73.2503072,-44.2028572,49.1428571428571,53.239
"670","2015-02-22 17:10:24",-73.2502883,-44.2028512,48.9523809523809,53.243
"671","2015-02-22 17:10:25",-73.2502601,-44.2028425,49.1428571428571,53.224
"672","2015-02-22 17:10:25",-73.2502415,-44.2028364,49.0952380952381,53.198
"673","2015-02-22 17:10:26",-73.2502135,-44.2028268,49.1904761904762,53.184
"674","2015-02-22 17:10:26",-73.2501845,-44.2028164,49,53.147
"675","2015-02-22 17:10:27",-73.2501645,-44.2028089,48.9523809523809,53.108
"676","2015-02-22 17:10:27",-73.2501335,-44.2027979,49.0476190476191,53.092
"677","2015-02-22 17:10:28",-73.2501123,-44.202791,49.0952380952381,53.131
"678","2015-02-22 17:10:28",-73.2500803,-44.2027814,49,53.122
"679","2015-02-22 17:10:29",-73.2500487,-44.2027723,49,53.073
"680","2015-02-22 17:10:29",-73.2500279,-44.2027664,49.1428571428571,53.062
"681","2015-02-22 17:10:30",-73.2499968,-44.2027573,49,52.996
"682","2015-02-22 17:10:30",-73.2499759,-44.2027514,49.1428571428571,53.015
"683","2015-02-22 17:10:31",-73.2499448,-44.2027427,49.0476190476191,52.965
"684","2015-02-22 17:10:31",-73.2499135,-44.2027371,49.0952380952381,52.949
"685","2015-02-22 17:10:32",-73.2498927,-44.2027296,49,52.918
"686","2015-02-22 17:10:32",-73.2498617,-44.2027224,48.8095238095238,52.926
"687","2015-02-22 17:10:33",-73.2498408,-44.2027176,48.8571428571429,52.949
"688","2015-02-22 17:10:33",-73.2498092,-44.2027107,49,53.019
"689","2015-02-22 17:10:34",-73.249788,-44.2027062,48.9523809523809,53.086
"690","2015-02-22 17:10:34",-73.249756,-44.2026987,49,53.13
"691","2015-02-22 17:10:35",-73.2497248,-44.2026905,49,53.14
"692","2015-02-22 17:10:35",-73.2497045,-44.2026848,48.8571428571429,53.151
"693","2015-02-22 17:10:36",-73.2496742,-44.2026767,48.9047619047619,53.22
"694","2015-02-22 17:10:37",-73.2496539,-44.202672,49.0952380952381,53.247
"695","2015-02-22 17:10:37",-73.2496226,-44.2026659,49,53.28
"696","2015-02-22 17:10:38",-73.2495906,-44.2026609,49.0952380952381,53.324
"697","2015-02-22 17:10:38",-73.2495686,-44.2026578,49.0476190476191,53.295
"698","2015-02-22 17:10:39",-73.2495354,-44.2026532,49.1428571428571,53.3
"699","2015-02-22 17:10:39",-73.2495133,-44.20265,49,53.292
"700","2015-02-22 17:10:40",-73.2494796,-44.2026446,48.9523809523809,53.326
"701","2015-02-22 17:10:40",-73.2494577,-44.2026406,49.0476190476191,53.343
"702","2015-02-22 17:10:41",-73.2494255,-44.2026341,49.0952380952381,53.327
"703","2015-02-22 17:10:41",-73.2493947,-44.2026272,49,53.327
"704","2015-02-22 17:10:42",-73.2493746,-44.2026224,49.1428571428571,53.299
"705","2015-02-22 17:10:42",-73.2493447,-44.2026156,49.1428571428571,53.276
"706","2015-02-22 17:10:43",-73.2493247,-44.2026111,49.0476190476191,53.268
"707","2015-02-22 17:10:43",-73.249294,-44.202605,49.1428571428571,53.258
"708","2015-02-22 17:10:44",-73.2492732,-44.2026013,49.1428571428571,53.257
"709","2015-02-22 17:10:44",-73.249242,-44.2025958,49.2857142857143,53.257
"710","2015-02-22 17:10:45",-73.2492107,-44.2025899,49.1428571428571,53.234
"711","2015-02-22 17:10:45",-73.2491898,-44.2025856,49.1428571428571,53.229
"712","2015-02-22 17:10:46",-73.2491589,-44.2025793,49.1428571428571,53.287
"713","2015-02-22 17:10:46",-73.2491385,-44.2025749,49.1428571428571,53.317
"714","2015-02-22 17:10:47",-73.2491085,-44.2025685,49.1428571428571,53.403
"715","2015-02-22 17:10:47",-73.2490887,-44.2025643,49.1428571428571,53.448
"716","2015-02-22 17:10:48",-73.2490594,-44.2025582,49.1428571428571,53.567
"717","2015-02-22 17:10:48",-73.2490302,-44.2025519,49.1428571428571,53.64
"718","2015-02-22 17:10:49",-73.2490108,-44.2025478,49.1428571428571,53.682
"719","2015-02-22 17:10:49",-73.2489819,-44.2025415,49.0952380952381,53.745
"720","2015-02-22 17:10:50",-73.2489627,-44.2025374,49.0952380952381,53.758
"721","2015-02-22 17:10:50",-73.2489342,-44.202532,49,53.844
"722","2015-02-22 17:10:51",-73.2489155,-44.2025283,48.9523809523809,53.844
"723","2015-02-22 17:10:51",-73.2488872,-44.2025227,49.1428571428571,53.889
"724","2015-02-22 17:10:52",-73.2488589,-44.2025173,48.9523809523809,54.002
"725","2015-02-22 17:10:52",-73.2488399,-44.2025134,49,54.001
"726","2015-02-22 17:10:53",-73.2488112,-44.202508,49.0476190476191,53.986
"727","2015-02-22 17:10:53",-73.2487921,-44.2025046,49,53.966
"728","2015-02-22 17:10:54",-73.2487636,-44.2024999,48.9523809523809,53.959
"729","2015-02-22 17:10:55",-73.2487448,-44.2024969,48.8571428571429,53.965
"730","2015-02-22 17:10:55",-73.2487161,-44.2024923,48.9047619047619,53.956
"731","2015-02-22 17:10:56",-73.2486873,-44.2024874,49,53.942
"732","2015-02-22 17:10:56",-73.248668,-44.2024836,49,53.889
"733","2015-02-22 17:10:57",-73.2486397,-44.2024781,49,53.883
"734","2015-02-22 17:10:57",-73.2486214,-44.2024745,49,53.896
"735","2015-02-22 17:10:58",-73.2485939,-44.202469,48.9523809523809,53.943
"736","2015-02-22 17:10:58",-73.2485754,-44.202465,48.8095238095238,53.976
"737","2015-02-22 17:10:59",-73.248548,-44.2024592,49,54.088
"738","2015-02-22 17:10:59",-73.2485306,-44.2024556,48.8095238095238,54.187
"739","2015-02-22 17:11:00",-73.2485066,-44.2024515,49,54.344
"740","2015-02-22 17:11:00",-73.2484845,-44.2024489,48.9523809523809,54.486
"741","2015-02-22 17:11:01",-73.2484704,-44.2024476,48.9523809523809,54.531
"742","2015-02-22 17:11:01",-73.2484495,-44.202446,49,54.516
"743","2015-02-22 17:11:02",-73.2484358,-44.2024449,48.9523809523809,54.472
"744","2015-02-22 17:11:02",-73.2484147,-44.2024427,48.8571428571429,54.373
"745","2015-02-22 17:11:03",-73.2484014,-44.2024413,48.8095238095238,54.323
"746","2015-02-22 17:11:03",-73.2483829,-44.2024392,48.8095238095238,54.184
"747","2015-02-22 17:11:04",-73.2483723,-44.2024379,48.5238095238095,53.991
"748","2015-02-22 17:11:04",-73.2483591,-44.2024364,48.3809523809524,53.621
"749","2015-02-22 17:11:05",-73.2483488,-44.2024353,48.0476190476191,53.316
"750","2015-02-22 17:11:05",-73.2483422,-44.2024344,48.0476190476191,53.121
"751","2015-02-22 17:11:06",-73.2483317,-44.2024336,47.4761904761905,52.852
"752","2015-02-22 17:11:06",-73.2483243,-44.2024337,47.1428571428571,52.574
"753","2015-02-22 17:11:07",-73.2483131,-44.2024352,47.2857142857143,52.142
"754","2015-02-22 17:11:07",-73.2483056,-44.2024363,46.8571428571429,51.87
"755","2015-02-22 17:11:08",-73.2482955,-44.2024377,46.4761904761905,51.513
"756","2015-02-22 17:11:08",-73.2482867,-44.2024374,46.0476190476191,51.116
"757","2015-02-22 17:11:09",-73.2482811,-44.2024365,45.6190476190476,50.922
"758","2015-02-22 17:11:09",-73.2482734,-44.2024366,45.6190476190476,50.589
"759","2015-02-22 17:11:10",-73.2482683,-44.2024381,45.1904761904762,50.312
"760","2015-02-22 17:11:10",-73.2482598,-44.2024425,44.8571428571429,49.808
"761","2015-02-22 17:11:11",-73.2482537,-44.2024463,44.5238095238095,49.444
"762","2015-02-22 17:11:11",-73.2482437,-44.2024516,43.7619047619048,48.945
"763","2015-02-22 17:11:12",-73.2482347,-44.2024556,43.4761904761905,48.445
"764","2015-02-22 17:11:12",-73.2482294,-44.2024581,43.1428571428571,48.12
"765","2015-02-22 17:11:13",-73.248224,-44.2024608,42.5714285714286,47.651
"766","2015-02-22 17:11:13",-73.2482225,-44.2024616,42.2380952380952,47.33
"767","2015-02-22 17:11:14",-73.2482228,-44.2024623,41.6666666666667,46.998
"768","2015-02-22 17:11:15",-73.2482227,-44.2024632,41.5714285714286,46.722
"769","2015-02-22 17:11:15",-73.2482205,-44.202467,40.9047619047619,46.339
"770","2015-02-22 17:11:16",-73.2482156,-44.2024723,40.5714285714286,45.831
"771","2015-02-22 17:11:16",-73.248212,-44.2024757,40.1904761904762,45.446
"772","2015-02-22 17:11:17",-73.2482076,-44.2024791,39.6666666666667,44.87
"773","2015-02-22 17:11:17",-73.2482056,-44.2024806,38.9047619047619,44.493
"774","2015-02-22 17:11:18",-73.2482039,-44.2024815,38,43.933
"775","2015-02-22 17:11:18",-73.2482024,-44.2024815,37.7142857142857,43.309
"776","2015-02-22 17:11:19",-73.2482007,-44.2024817,37.0952380952381,42.874
"777","2015-02-22 17:11:19",-73.2481968,-44.2024828,36.6190476190476,42.326
"778","2015-02-22 17:11:20",-73.248194,-44.202484,35.7142857142857,41.945
"779","2015-02-22 17:11:20",-73.2481901,-44.2024866,35.9047619047619,41.383
"780","2015-02-22 17:11:21",-73.2481874,-44.2024877,34.8571428571429,40.907
"781","2015-02-22 17:11:21",-73.2481841,-44.2024898,34.6190476190476,40.174
"782","2015-02-22 17:11:22",-73.2481812,-44.2024912,33.5238095238095,39.43
"783","2015-02-22 17:11:22",-73.2481795,-44.2024918,33.1904761904762,39.002
"784","2015-02-22 17:11:23",-73.2481767,-44.2024923,32.7619047619048,38.374
"785","2015-02-22 17:11:23",-73.2481759,-44.2024931,32.2857142857143,37.937
"786","2015-02-22 17:11:24",-73.2481742,-44.2024943,31.6190476190476,37.326
"787","2015-02-22 17:11:24",-73.2481732,-44.2024954,30.5714285714286,36.913
"788","2015-02-22 17:11:25",-73.2481722,-44.2024981,30.2380952380952,36.272
"789","2015-02-22 17:11:25",-73.2481717,-44.2025001,29.7142857142857,35.525
"790","2015-02-22 17:11:26",-73.2481713,-44.2025012,28.5238095238095,35.01
"791","2015-02-22 17:11:26",-73.2481711,-44.2025046,28.3809523809524,34.334
"792","2015-02-22 17:11:27",-73.2481711,-44.2025078,27.952380952381,34.029
"793","2015-02-22 17:11:27",-73.2481712,-44.202512,26.5714285714286,33.32
"794","2015-02-22 17:11:28",-73.2481711,-44.2025145,26.4761904761905,32.757
"795","2015-02-22 17:11:28",-73.2481715,-44.2025182,25.7142857142857,31.947
"796","2015-02-22 17:11:29",-73.2481736,-44.202522,24.7619047619048,31.209
"797","2015-02-22 17:11:29",-73.248176,-44.202524,24.8095238095238,30.721
"798","2015-02-22 17:11:30",-73.2481814,-44.2025269,23.4761904761905,29.896
"799","2015-02-22 17:11:30",-73.2481856,-44.2025284,22.8571428571429,29.385
"800","2015-02-22 17:11:31",-73.2481936,-44.2025309,22.0952380952381,28.519
"801","2015-02-22 17:11:32",-73.2481996,-44.2025334,20.8095238095238,27.987
"802","2015-02-22 17:11:32",-73.2482085,-44.2025374,20.4761904761905,27.195
"803","2015-02-22 17:11:33",-73.2482165,-44.2025422,19.6190476190476,26.458
"804","2015-02-22 17:11:33",-73.2482212,-44.2025454,19.1904761904762,25.887
"805","2015-02-22 17:11:34",-73.2482275,-44.2025483,18.5238095238095,24.858
"806","2015-02-22 17:11:34",-73.2482318,-44.2025507,17.8571428571429,24.417
"807","2015-02-22 17:11:35",-73.2482387,-44.2025517,17.4285714285714,23.348
"808","2015-02-22 17:11:35",-73.248247,-44.2025537,16.5714285714286,22.544
"809","2015-02-22 17:11:36",-73.2482534,-44.2025558,15.0952380952381,22.043
"810","2015-02-22 17:11:36",-73.2482629,-44.2025585,15.5238095238095,21.273
"811","2015-02-22 17:11:37",-73.2482688,-44.2025606,14.2857142857143,20.812
"812","2015-02-22 17:11:37",-73.2482777,-44.2025633,13.952380952381,20.021
"813","2015-02-22 17:11:38",-73.2482857,-44.2025648,13.1904761904762,19.23
"814","2015-02-22 17:11:38",-73.2482911,-44.202566,13.2380952380952,18.781
"815","2015-02-22 17:11:39",-73.2483015,-44.2025665,12.7142857142857,17.993
"816","2015-02-22 17:11:39",-73.2483096,-44.2025668,11.5714285714286,17.589
"817","2015-02-22 17:11:40",-73.2483169,-44.2025672,11.1904761904762,16.969
"818","2015-02-22 17:11:40",-73.2483182,-44.2025688,11.1904761904762,16.684
"819","2015-02-22 17:11:41",-73.2483172,-44.2025704,10.5238095238095,16.061
"820","2015-02-22 17:11:41",-73.248316,-44.2025702,10.3333333333333,15.635
"821","2015-02-22 17:11:42",-73.2483117,-44.2025695,10,15.204
"822","2015-02-22 17:11:42",-73.2483041,-44.2025692,9.80952380952381,14.929
"823","2015-02-22 17:11:43",-73.2482985,-44.2025693,9.52380952380952,14.711
"824","2015-02-22 17:11:43",-73.2482917,-44.2025687,9.47619047619048,14.484
"825","2015-02-22 17:11:44",-73.2482889,-44.202568,9.47619047619048,14.422
"826","2015-02-22 17:11:44",-73.2482863,-44.2025669,9.28571428571429,14.33
"827","2015-02-22 17:11:45",-73.2482857,-44.2025657,9.19047619047619,14.216
"828","2015-02-22 17:11:45",-73.2482859,-44.2025644,8.85714285714286,13.935
"829","2015-02-22 17:11:46",-73.2482865,-44.2025651,8.47619047619048,13.756
"830","2015-02-22 17:11:46",-73.2482845,-44.2025659,8.33333333333333,13.64
"831","2015-02-22 17:11:47",-73.2482782,-44.2025681,8.23809523809524,13.449
"832","2015-02-22 17:11:48",-73.248272,-44.2025692,8,13.292
"833","2015-02-22 17:11:48",-73.2482618,-44.2025675,8,12.838
"834","2015-02-22 17:11:49",-73.2482544,-44.2025647,7.38095238095238,12.737
"835","2015-02-22 17:11:49",-73.2482513,-44.2025629,7.38095238095238,12.595
"836","2015-02-22 17:11:50",-73.2482476,-44.2025629,6.80952380952381,12.3
"837","2015-02-22 17:11:50",-73.2482452,-44.2025642,6.61904761904762,12.026
"838","2015-02-22 17:11:51",-73.2482407,-44.202567,6.42857142857143,11.632
"839","2015-02-22 17:11:51",-73.248237,-44.202568,6,11.299
"840","2015-02-22 17:11:52",-73.2482318,-44.2025686,5.71428571428571,10.852
"841","2015-02-22 17:11:52",-73.2482288,-44.2025687,5.09523809523809,10.597
"842","2015-02-22 17:11:53",-73.2482243,-44.2025685,4.66666666666667,10.238
"843","2015-02-22 17:11:53",-73.2482194,-44.2025682,4.80952380952381,9.859
"844","2015-02-22 17:11:54",-73.2482158,-44.2025673,3.95238095238095,9.531
"845","2015-02-22 17:11:54",-73.2482108,-44.2025667,3.95238095238095,9.281
"846","2015-02-22 17:11:55",-73.2482074,-44.2025664,3.95238095238095,9.036
"847","2015-02-22 17:11:55",-73.2482021,-44.2025664,3.95238095238095,8.733
"848","2015-02-22 17:11:56",-73.2481982,-44.2025669,3.28571428571429,8.616
"849","2015-02-22 17:11:56",-73.2481929,-44.2025669,3.28571428571429,8.452
"850","2015-02-22 17:11:57",-73.2481874,-44.2025661,3.19047619047619,8.281
"851","2015-02-22 17:11:57",-73.2481824,-44.2025662,2.9047619047619,8.144
"852","2015-02-22 17:11:58",-73.248172,-44.2025675,3.0952380952381,7.99
"853","2015-02-22 17:11:58",-73.2481647,-44.2025682,2.95238095238095,7.907
"854","2015-02-22 17:11:59",-73.248155,-44.2025671,2.80952380952381,7.82
"855","2015-02-22 17:11:59",-73.2481505,-44.202565,2.80952380952381,7.777
"856","2015-02-22 17:12:00",-73.2481441,-44.2025611,2.61904761904762,7.715
"857","2015-02-22 17:12:00",-73.2481348,-44.2025622,2.57142857142857,7.715
"858","2015-02-22 17:12:01",-73.2481267,-44.2025642,2.28571428571429,7.681
"859","2015-02-22 17:12:01",-73.248113,-44.2025639,1.95238095238095,7.601
"860","2015-02-22 17:12:02",-73.2481044,-44.2025628,39.8571428571429,7.454
"861","2015-02-22 17:12:02",-73.2480908,-44.2025616,1.66666666666667,7.192
"862","2015-02-22 17:12:03",-73.2480814,-44.2025607,1.19047619047619,6.981
"863","2015-02-22 17:12:03",-73.2480679,-44.2025599,1.04761904761905,6.741
"864","2015-02-22 17:12:04",-73.2480561,-44.2025603,0.428571428571429,6.608
